ID,name,versionNumber,contentType,dataFileSizeBytes,createdBy,createdOn,modifiedBy,modifiedOn,parentId,synapseURL,dataFileMD5Hex,path,error
syn52742636,BrainLat_dataset_dictionary.csv,1,text/csv,2981,3473196,1697680285875,3473196,1709837663580,syn53972960,https://www.synapse.org/#!Synapse:syn52742636.1,b612851ef146ca27511ee1d7b7ca738c,c:\users\bhanu\.synapsecache\708\129659708\brainlat_dataset_dictionary.csv,
syn53545199,Cognition_AD_EEG_data.csv,1,text/csv,2556,3473196,1707915877761,3473196,1707915877761,syn53222482,https://www.synapse.org/#!Synapse:syn53545199.1,fa586b86f6633dfeec7e96d912cb0daa,c:\users\bhanu\.synapsecache\731\133142731\cognition_ad_eeg_data.csv,
syn53498523,Cognition_HC_EEG_data.csv,1,text/csv,2942,3473196,1707766140025,3473196,1707766140025,syn53222486,https://www.synapse.org/#!Synapse:syn53498523.1,043b317298cbce708918a9b3df35ea61,c:\users\bhanu\.synapsecache\259\133035259\cognition_hc_eeg_data.csv,
syn53607647,Cognition_MS_EEG_data.csv,1,text/csv,1641,3473196,1708000726392,3473196,1708000726392,syn53607615,https://www.synapse.org/#!Synapse:syn53607647.1,186c9e58e133ac776ad00b0ddb243742,c:\users\bhanu\.synapsecache\137\133177137\cognition_ms_eeg_data.csv,
syn64709161,Cognition_PD_EEG_data.csv,1,NOT_SET,,3473196,1738250423610,3473196,1738250423610,syn53600453,https://www.synapse.org/#!Synapse:syn64709161.1,,c:\users\bhanu\.synapsecache\238\152271238\cognition_pd_eeg_data.csv,
syn53561094,Cognition_bvFTD_EEG_data.csv,1,text/csv,1562,3473196,1707918556930,3473196,1707918556930,syn53222483,https://www.synapse.org/#!Synapse:syn53561094.1,71a9154721f9cea031ce431ae9ed542b,c:\users\bhanu\.synapsecache\271\133151271\cognition_bvftd_eeg_data.csv,
syn53545198,Demographics_AD_EEG_data.csv,1,text/csv,1157,3473196,1707915875661,3473196,1707915875661,syn53222482,https://www.synapse.org/#!Synapse:syn53545198.1,00f2406cecb447093de86f05b79e7898,c:\users\bhanu\.synapsecache\729\133142729\demographics_ad_eeg_data.csv,
syn53498524,Demographics_HC_EEG_data.csv,1,text/csv,1562,3473196,1707766142368,3473196,1707766142368,syn53222486,https://www.synapse.org/#!Synapse:syn53498524.1,5dd9043cc03548bfbee9bed11e90fb85,c:\users\bhanu\.synapsecache\261\133035261\demographics_hc_eeg_data.csv,
syn53607648,Demographics_MS_EEG_data.csv,1,text/csv,1015,3473196,1708000728648,3473196,1708000728648,syn53607615,https://www.synapse.org/#!Synapse:syn53607648.1,82060944ab1946f3b6a0bb8c039f70e4,c:\users\bhanu\.synapsecache\138\133177138\demographics_ms_eeg_data.csv,
syn64709327,Demographics_PD_EEG_data.csv,1,NOT_SET,,3473196,1738250480415,3473196,1738250480415,syn53600453,https://www.synapse.org/#!Synapse:syn64709327.1,,c:\users\bhanu\.synapsecache\412\152271412\demographics_pd_eeg_data.csv,
syn53561044,Demographics_bvFTD_EEG_data.csv,1,text/csv,724,3473196,1707918554963,3473196,1707918554963,syn53222483,https://www.synapse.org/#!Synapse:syn53561044.1,dccb9a47ef4bddcdea4a778265938903,c:\users\bhanu\.synapsecache\261\133151261\demographics_bvftd_eeg_data.csv,
syn53545197,Records_AD_EEG_data.csv,1,text/csv,1155,3473196,1707915873490,3473196,1707915873490,syn53222482,https://www.synapse.org/#!Synapse:syn53545197.1,ab3829e10005a53b75948f1c9ba4021f,c:\users\bhanu\.synapsecache\727\133142727\records_ad_eeg_data.csv,
syn53498525,Records_HC_EEG_data.csv,1,text/csv,1948,3473196,1707766144457,3473196,1707766144457,syn53222486,https://www.synapse.org/#!Synapse:syn53498525.1,61b41b9e0d7b08df9718cc14365f0299,c:\users\bhanu\.synapsecache\262\133035262\records_hc_eeg_data.csv,
syn53607649,Records_MS_EEG_data.csv,1,text/csv,1293,3473196,1708000730753,3473196,1708000730753,syn53607615,https://www.synapse.org/#!Synapse:syn53607649.1,7c411c61c210ce787cfe2b315207be96,c:\users\bhanu\.synapsecache\141\133177141\records_ms_eeg_data.csv,
syn64709467,Records_PD_EEG_data.csv,1,NOT_SET,,3473196,1738250533352,3473196,1738250533352,syn53600453,https://www.synapse.org/#!Synapse:syn64709467.1,,c:\users\bhanu\.synapsecache\558\152271558\records_pd_eeg_data.csv,
syn53561143,Records_bvFTD_EEG_data.csv,1,text/csv,726,3473196,1707918559007,3473196,1707918559007,syn53222483,https://www.synapse.org/#!Synapse:syn53561143.1,281f8472d33da81e7f9e3935c4f3a62b,c:\users\bhanu\.synapsecache\282\133151282\records_bvftd_eeg_data.csv,
syn53625153,Suj_501_extero.fdt,1,application/octet-stream,469827584,3473196,1708053349028,3473196,1708053349028,syn53625152,https://www.synapse.org/#!Synapse:syn53625153.1,ff694dd1a91945054e8068f9fe21ba42,c:\users\bhanu\.synapsecache\719\132949719\suj_501_extero.fdt,
syn53625154,Suj_501_extero.set,1,application/octet-stream,46568,3473196,1708053350329,3473196,1708053350329,syn53625152,https://www.synapse.org/#!Synapse:syn53625154.1,01e98054b6bbf0e27e8038dae1146acb,c:\users\bhanu\.synapsecache\754\132949754\suj_501_extero.set,
syn53625150,Suj_502_extero_res256_fil0530_CH.fdt,1,application/octet-stream,58179584,3473196,1708053337267,3473196,1708053337267,syn53625149,https://www.synapse.org/#!Synapse:syn53625150.1,98433f23b4bc266d7ab7668a9b4e7376,c:\users\bhanu\.synapsecache\872\132937872\suj_502_extero_res256_fil0530_ch.fdt,
syn53625151,Suj_502_extero_res256_fil0530_CH.set,1,application/octet-stream,105680,3473196,1708053338512,3473196,1708053338512,syn53625149,https://www.synapse.org/#!Synapse:syn53625151.1,c51ede8b48218bec5fbe1ff4951df839,c:\users\bhanu\.synapsecache\873\132937873\suj_502_extero_res256_fil0530_ch.set,
syn53625147,Suj_503_extero_res256_fil0530_CH.fdt,1,application/octet-stream,58454016,3473196,1708053333371,3473196,1708053333371,syn53625146,https://www.synapse.org/#!Synapse:syn53625147.1,ea191aa84a059d5ecd0a50f35bf7e314,c:\users\bhanu\.synapsecache\863\132937863\suj_503_extero_res256_fil0530_ch.fdt,
syn53625148,Suj_503_extero_res256_fil0530_CH.set,1,application/octet-stream,105680,3473196,1708053334641,3473196,1708053334641,syn53625146,https://www.synapse.org/#!Synapse:syn53625148.1,b874e1fa10451bb44f33740687afb329,c:\users\bhanu\.synapsecache\864\132937864\suj_503_extero_res256_fil0530_ch.set,
syn53625144,Suj_504_extero_res256_fil0530_CH.fdt,1,application/octet-stream,59140096,3473196,1708053329562,3473196,1708053329562,syn53625143,https://www.synapse.org/#!Synapse:syn53625144.1,7fc9b020eca620e9827c966008f93f91,c:\users\bhanu\.synapsecache\860\132937860\suj_504_extero_res256_fil0530_ch.fdt,
syn53625145,Suj_504_extero_res256_fil0530_CH.set,1,application/octet-stream,105680,3473196,1708053330825,3473196,1708053330825,syn53625143,https://www.synapse.org/#!Synapse:syn53625145.1,87b582b04b7bd4686ef0e944c1fe2c73,c:\users\bhanu\.synapsecache\861\132937861\suj_504_extero_res256_fil0530_ch.set,
syn53625141,Suj_505_extero_res256_fil0530_CH.fdt,1,application/octet-stream,57767936,3473196,1708053325436,3473196,1708053325436,syn53625140,https://www.synapse.org/#!Synapse:syn53625141.1,4efde00da08fb6bd8b7b75f18609c607,c:\users\bhanu\.synapsecache\834\132937834\suj_505_extero_res256_fil0530_ch.fdt,
syn53625142,Suj_505_extero_res256_fil0530_CH.set,1,application/octet-stream,105680,3473196,1708053326694,3473196,1708053326694,syn53625140,https://www.synapse.org/#!Synapse:syn53625142.1,ecd57b1c15a1a08b0927b9bcd9a886f0,c:\users\bhanu\.synapsecache\838\132937838\suj_505_extero_res256_fil0530_ch.set,
syn53625138,Suj_506_extero_res256_fil0530_CH.fdt,1,application/octet-stream,58454016,3473196,1708053321485,3473196,1708053321485,syn53625137,https://www.synapse.org/#!Synapse:syn53625138.1,6d4be9327f453bc4fbd362a5176ae955,c:\users\bhanu\.synapsecache\831\132937831\suj_506_extero_res256_fil0530_ch.fdt,
syn53625139,Suj_506_extero_res256_fil0530_CH.set,1,application/octet-stream,105680,3473196,1708053322821,3473196,1708053322821,syn53625137,https://www.synapse.org/#!Synapse:syn53625139.1,7593cfb5bb7b0dadb53b179b0d339fc1,c:\users\bhanu\.synapsecache\832\132937832\suj_506_extero_res256_fil0530_ch.set,
syn53625135,Suj_507_extero_res256_fil0530_CH.fdt,1,application/octet-stream,59551744,3473196,1708053317610,3473196,1708053317610,syn53625134,https://www.synapse.org/#!Synapse:syn53625135.1,4d25233b3080609f41a7a9905e052015,c:\users\bhanu\.synapsecache\829\132937829\suj_507_extero_res256_fil0530_ch.fdt,
syn53625136,Suj_507_extero_res256_fil0530_CH.set,1,application/octet-stream,105680,3473196,1708053318884,3473196,1708053318884,syn53625134,https://www.synapse.org/#!Synapse:syn53625136.1,151f913d891cb7ae65f7f1c6ae1af809,c:\users\bhanu\.synapsecache\830\132937830\suj_507_extero_res256_fil0530_ch.set,
syn53625132,Suj_508_extero_res256_fil0530_CH.fdt,1,application/octet-stream,58591232,3473196,1708053313760,3473196,1708053313760,syn53625131,https://www.synapse.org/#!Synapse:syn53625132.1,40328c86c8d8d85e1d979cec8f2898a2,c:\users\bhanu\.synapsecache\706\132937706\suj_508_extero_res256_fil0530_ch.fdt,
syn53625133,Suj_508_extero_res256_fil0530_CH.set,1,application/octet-stream,105680,3473196,1708053315021,3473196,1708053315021,syn53625131,https://www.synapse.org/#!Synapse:syn53625133.1,11d1a6ac3f4bb084ed82184a674fb66d,c:\users\bhanu\.synapsecache\711\132937711\suj_508_extero_res256_fil0530_ch.set,
syn53625123,Suj_510_MW_res256_fil0530_CH.fdt,1,application/octet-stream,58454016,3473196,1708053304445,3473196,1708053304445,syn53625122,https://www.synapse.org/#!Synapse:syn53625123.1,2138e33b5730f86da64bc7c6a9d2b0b5,c:\users\bhanu\.synapsecache\679\132937679\suj_510_mw_res256_fil0530_ch.fdt,
syn53625124,Suj_510_MW_res256_fil0530_CH.set,1,application/octet-stream,105648,3473196,1708053305736,3473196,1708053305736,syn53625122,https://www.synapse.org/#!Synapse:syn53625124.1,587ba60595434e1136ef13029267ca35,c:\users\bhanu\.synapsecache\681\132937681\suj_510_mw_res256_fil0530_ch.set,
syn53625120,Suj_511_MW_res256_fil0530_CH.fdt,1,application/octet-stream,60786688,3473196,1708053300555,3473196,1708053300555,syn53625119,https://www.synapse.org/#!Synapse:syn53625120.1,467998ae91b56994247552ac238b996d,c:\users\bhanu\.synapsecache\661\132937661\suj_511_mw_res256_fil0530_ch.fdt,
syn53625121,Suj_511_MW_res256_fil0530_CH.set,1,application/octet-stream,105648,3473196,1708053301822,3473196,1708053301822,syn53625119,https://www.synapse.org/#!Synapse:syn53625121.1,ad1a5dce12118dd39f0d009e93cefbb7,c:\users\bhanu\.synapsecache\662\132937662\suj_511_mw_res256_fil0530_ch.set,
syn53621976,s00415_CH_PD_reject.set,1,application/octet-stream,866496,3473196,1708029625075,3473196,1708029625075,syn53621971,https://www.synapse.org/#!Synapse:syn53621976.1,ea0b735e38140ff55afacb4731890f27,c:\users\bhanu\.synapsecache\407\133191407\s00415_ch_pd_reject.set,
syn53622437,s40001_AR_PD_reject.fdt,1,application/octet-stream,94371840,3473196,1708031388926,3473196,1708031388926,syn53622436,https://www.synapse.org/#!Synapse:syn53622437.1,aaa8773251fa86a72cddf59d8052d68d,c:\users\bhanu\.synapsecache\444\133192444\s40001_ar_pd_reject.fdt,
syn53622438,s40001_AR_PD_reject.set,1,application/octet-stream,578608,3473196,1708031391624,3473196,1708031391624,syn53622436,https://www.synapse.org/#!Synapse:syn53622438.1,67f68e0eb05ca1538e2f2a8f6db0a603,c:\users\bhanu\.synapsecache\445\133192445\s40001_ar_pd_reject.set,
syn53622392,s40001_CH_PD_reject.fdt,1,application/octet-stream,151781376,3473196,1708030976283,3473196,1708030976283,syn53622391,https://www.synapse.org/#!Synapse:syn53622392.1,bedea4829cc3daa54f4be169eeacf759,c:\users\bhanu\.synapsecache\279\133192279\s40001_ch_pd_reject.fdt,
syn53622397,s40001_CH_PD_reject.set,1,application/octet-stream,853640,3473196,1708030979011,3473196,1708030979011,syn53622391,https://www.synapse.org/#!Synapse:syn53622397.1,40477db4373396b32cab0fe9c743389a,c:\users\bhanu\.synapsecache\284\133192284\s40001_ch_pd_reject.set,
syn53622388,s40004_CH_PD_reject.fdt,1,application/octet-stream,135266304,3473196,1708030919785,3473196,1708030919785,syn53622387,https://www.synapse.org/#!Synapse:syn53622388.1,ba3580a62b8c9c8a96c498a0edb3eab9,c:\users\bhanu\.synapsecache\257\133192257\s40004_ch_pd_reject.fdt,
syn53622389,s40004_CH_PD_reject.set,1,application/octet-stream,774544,3473196,1708030923021,3473196,1708030923021,syn53622387,https://www.synapse.org/#!Synapse:syn53622389.1,5d4dd0992c082cf183d61280c15aa6e8,c:\users\bhanu\.synapsecache\258\133192258\s40004_ch_pd_reject.set,
syn53622433,s40006_AR_PD_reject.fdt,1,application/octet-stream,99614720,3473196,1708031357272,3473196,1708031357272,syn53622432,https://www.synapse.org/#!Synapse:syn53622433.1,a304b6ac80d1a76c004859b4c40b6959,c:\users\bhanu\.synapsecache\433\133192433\s40006_ar_pd_reject.fdt,
syn53622434,s40006_AR_PD_reject.set,1,application/octet-stream,603520,3473196,1708031360086,3473196,1708031360086,syn53622432,https://www.synapse.org/#!Synapse:syn53622434.1,91db4951f0861a21b3a1ad5d631e13c2,c:\users\bhanu\.synapsecache\435\133192435\s40006_ar_pd_reject.set,
syn53622381,s40006_CH_PD_reject.fdt,1,application/octet-stream,153354240,3473196,1708030690956,3473196,1708030690956,syn53622379,https://www.synapse.org/#!Synapse:syn53622381.1,3861502a593c096ff60011b8830dffc5,c:\users\bhanu\.synapsecache\188\133192188\s40006_ch_pd_reject.fdt,
syn53622382,s40006_CH_PD_reject.set,1,application/octet-stream,860872,3473196,1708030693843,3473196,1708030693843,syn53622379,https://www.synapse.org/#!Synapse:syn53622382.1,3c012ddb632754a6e8f1f670a07d6fec,c:\users\bhanu\.synapsecache\189\133192189\s40006_ch_pd_reject.set,
syn53622429,s40008_AR_PD_reject.fdt,1,application/octet-stream,96731136,3473196,1708031324675,3473196,1708031324675,syn53622426,https://www.synapse.org/#!Synapse:syn53622429.1,f626f8d244fa74523c6155d4ccbfbb4d,c:\users\bhanu\.synapsecache\424\133192424\s40008_ar_pd_reject.fdt,
syn53622430,s40008_AR_PD_reject.set,1,application/octet-stream,589640,3473196,1708031328502,3473196,1708031328502,syn53622426,https://www.synapse.org/#!Synapse:syn53622430.1,020fb95f10f15a04ceafcfbe6ddacce3,c:\users\bhanu\.synapsecache\427\133192427\s40008_ar_pd_reject.set,
syn53622362,s40009_CH_PD_reject.fdt,1,application/octet-stream,159645696,3473196,1708030312535,3473196,1708030312535,syn53622360,https://www.synapse.org/#!Synapse:syn53622362.1,e8d2a465f2c6aed08ed9a1bc700cfdb5,c:\users\bhanu\.synapsecache\975\133191975\s40009_ch_pd_reject.fdt,
syn53622363,s40009_CH_PD_reject.set,1,application/octet-stream,892568,3473196,1708030315376,3473196,1708030315376,syn53622360,https://www.synapse.org/#!Synapse:syn53622363.1,ac17c72d02cb3c54c4389f07e9d75225,c:\users\bhanu\.synapsecache\976\133191976\s40009_ch_pd_reject.set,
syn53622423,s40010_AR_PD_reject.fdt,1,application/octet-stream,101187584,3473196,1708031293034,3473196,1708031293034,syn53622420,https://www.synapse.org/#!Synapse:syn53622423.1,99e3f9b3e0b39064a1e21e51a04acdd6,c:\users\bhanu\.synapsecache\410\133192410\s40010_ar_pd_reject.fdt,
syn53622424,s40010_AR_PD_reject.set,1,application/octet-stream,610800,3473196,1708031295831,3473196,1708031295831,syn53622420,https://www.synapse.org/#!Synapse:syn53622424.1,c7d781a8205f7ebdcfc06d5d09013879,c:\users\bhanu\.synapsecache\412\133192412\s40010_ar_pd_reject.set,
syn53622417,s40011_AR_PD_reject.fdt,1,application/octet-stream,77070336,3473196,1708031260024,3473196,1708031260024,syn53622415,https://www.synapse.org/#!Synapse:syn53622417.1,df29d98ba2f9ada0832724487839ba1e,c:\users\bhanu\.synapsecache\398\133192398\s40011_ar_pd_reject.fdt,
syn53622418,s40011_AR_PD_reject.set,1,application/octet-stream,496344,3473196,1708031262717,3473196,1708031262717,syn53622415,https://www.synapse.org/#!Synapse:syn53622418.1,0f40b8fcde9584779e33c321ff9a10d0,c:\users\bhanu\.synapsecache\399\133192399\s40011_ar_pd_reject.set,
syn53622347,s40011_CH_PD_reject.fdt,1,application/octet-stream,148373504,3473196,1708030092516,3473196,1708030092516,syn53622344,https://www.synapse.org/#!Synapse:syn53622347.1,f9418b6d8f8db385f211d3d2d993e29c,c:\users\bhanu\.synapsecache\883\133191883\s40011_ch_pd_reject.fdt,
syn53622348,s40011_CH_PD_reject.set,1,application/octet-stream,838488,3473196,1708030095162,3473196,1708030095162,syn53622344,https://www.synapse.org/#!Synapse:syn53622348.1,d11a7310edbae433c9734fb27123dc57,c:\users\bhanu\.synapsecache\887\133191887\s40011_ch_pd_reject.set,
syn53622412,s40012_AR_PD_reject.fdt,1,application/octet-stream,105119744,3473196,1708031232821,3473196,1708031232821,syn53622411,https://www.synapse.org/#!Synapse:syn53622412.1,823358abd590ea84f964209d5047ab18,c:\users\bhanu\.synapsecache\387\133192387\s40012_ar_pd_reject.fdt,
syn53622413,s40012_AR_PD_reject.set,1,application/octet-stream,629760,3473196,1708031235575,3473196,1708031235575,syn53622411,https://www.synapse.org/#!Synapse:syn53622413.1,b4864ffd16a1c76af9f9cc0a7dbee143,c:\users\bhanu\.synapsecache\388\133192388\s40012_ar_pd_reject.set,
syn53622408,s40013_AR_PD_reject.fdt,1,application/octet-stream,109760512,3473196,1708031198843,3473196,1708031198843,syn53622407,https://www.synapse.org/#!Synapse:syn53622408.1,ce191409f23dbeb178307ff428deb80b,c:\users\bhanu\.synapsecache\376\133192376\s40013_ar_pd_reject.fdt,
syn53622409,s40013_AR_PD_reject.set,1,application/octet-stream,428976,3473196,1708031201553,3473196,1708031201553,syn53622407,https://www.synapse.org/#!Synapse:syn53622409.1,cc417552a54d0c40ab5a8416d43e8b3e,c:\users\bhanu\.synapsecache\378\133192378\s40013_ar_pd_reject.set,
syn53622036,s40015_CH_PD_reject.fdt,1,application/octet-stream,154402816,3473196,1708029674531,3473196,1708029674531,syn53621971,https://www.synapse.org/#!Synapse:syn53622036.1,ce6b4413f9c3d546042c1a87714e70f6,c:\users\bhanu\.synapsecache\471\133191471\s40015_ch_pd_reject.fdt,
syn53497879,s6_sub-100010_rs_eeg.fdt,1,application/octet-stream,157966336,3473196,1707744334510,3473196,1707744334510,syn53497878,https://www.synapse.org/#!Synapse:syn53497879.1,f42d602249fd0f9272b2974a50768d5d,c:\users\bhanu\.synapsecache\167\133033167\s6_sub-100010_rs_eeg.fdt,
syn53497880,s6_sub-100010_rs_eeg.set,1,application/octet-stream,3244808,3473196,1707744338196,3473196,1707744338196,syn53497878,https://www.synapse.org/#!Synapse:syn53497880.1,79f69de6f6bcaad70db76f24ab06d976,c:\users\bhanu\.synapsecache\168\133033168\s6_sub-100010_rs_eeg.set,
syn53497875,s6_sub-100011_rs_eeg.fdt,1,application/octet-stream,158386688,3473196,1707744270845,3473196,1707744270845,syn53497874,https://www.synapse.org/#!Synapse:syn53497875.1,a29f76b713c961212c282fba48cfd7a9,c:\users\bhanu\.synapsecache\165\133033165\s6_sub-100011_rs_eeg.fdt,
syn53497876,s6_sub-100011_rs_eeg.set,1,application/octet-stream,3249328,3473196,1707744274035,3473196,1707744274035,syn53497874,https://www.synapse.org/#!Synapse:syn53497876.1,9471e102db98602a2eb8d8e41f55cd8e,c:\users\bhanu\.synapsecache\166\133033166\s6_sub-100011_rs_eeg.set,
syn53498107,s6_sub-100012_rs_eeg.fdt,1,application/octet-stream,90594304,3473196,1707749974152,3473196,1707749974152,syn53498103,https://www.synapse.org/#!Synapse:syn53498107.1,19aaee9cf3485635e0ad658186c31b80,c:\users\bhanu\.synapsecache\838\133033838\s6_sub-100012_rs_eeg.fdt,
syn53498109,s6_sub-100012_rs_eeg.set,1,application/octet-stream,2190072,3473196,1707749976770,3473196,1707749976770,syn53498103,https://www.synapse.org/#!Synapse:syn53498109.1,d68ea863301e6d9eb61112c2e6c84711,c:\users\bhanu\.synapsecache\839\133033839\s6_sub-100012_rs_eeg.set,
syn53497872,s6_sub-100013_rs_eeg.set,1,application/octet-stream,3192280,3473196,1707744147798,3473196,1707744147798,syn53497871,https://www.synapse.org/#!Synapse:syn53497872.1,846cbd0c40ca345c94c923df150b78ab,c:\users\bhanu\.synapsecache\162\133033162\s6_sub-100013_rs_eeg.set,
syn53497868,s6_sub-100014_rs_eeg.fdt,1,application/octet-stream,138247168,3473196,1707744140950,3473196,1707744140950,syn53497867,https://www.synapse.org/#!Synapse:syn53497868.1,c3d2d0ee6ff200c63a11299cbebbac31,c:\users\bhanu\.synapsecache\160\133033160\s6_sub-100014_rs_eeg.fdt,
syn53497869,s6_sub-100014_rs_eeg.set,1,application/octet-stream,2934648,3473196,1707744144105,3473196,1707744144105,syn53497867,https://www.synapse.org/#!Synapse:syn53497869.1,1e08e68f34dfd6eb3fd59258209844e8,c:\users\bhanu\.synapsecache\161\133033161\s6_sub-100014_rs_eeg.set,
syn53498099,s6_sub-100015_rs_eeg.fdt,1,application/octet-stream,107516416,3473196,1707749943415,3473196,1707749943415,syn53498098,https://www.synapse.org/#!Synapse:syn53498099.1,0c888d36051194aadd97496e1d774319,c:\users\bhanu\.synapsecache\834\133033834\s6_sub-100015_rs_eeg.fdt,
syn53498101,s6_sub-100015_rs_eeg.set,1,application/octet-stream,2456528,3473196,1707749946192,3473196,1707749946192,syn53498098,https://www.synapse.org/#!Synapse:syn53498101.1,f051a9569183054d43dec25fae3cba72,c:\users\bhanu\.synapsecache\836\133033836\s6_sub-100015_rs_eeg.set,
syn53497864,s6_sub-100016_rs_eeg.fdt,1,application/octet-stream,144765440,3473196,1707744093630,3473196,1707744093630,syn53497863,https://www.synapse.org/#!Synapse:syn53497864.1,7d750ea28ca8a6996c1d5d9b690b9b4b,c:\users\bhanu\.synapsecache\158\133033158\s6_sub-100016_rs_eeg.fdt,
syn53497865,s6_sub-100016_rs_eeg.set,1,application/octet-stream,3038544,3473196,1707744096559,3473196,1707744096559,syn53497863,https://www.synapse.org/#!Synapse:syn53497865.1,56653804b2b1638258de236255aa2666,c:\users\bhanu\.synapsecache\159\133033159\s6_sub-100016_rs_eeg.set,
syn53497860,s6_sub-100017_rs_eeg.fdt,1,application/octet-stream,155139584,3473196,1707744050159,3473196,1707744050159,syn53497859,https://www.synapse.org/#!Synapse:syn53497860.1,f29cb14074d4830d7c25106a7b3e6eb4,c:\users\bhanu\.synapsecache\156\133033156\s6_sub-100017_rs_eeg.fdt,
syn53497861,s6_sub-100017_rs_eeg.set,1,application/octet-stream,3198592,3473196,1707744052875,3473196,1707744052875,syn53497859,https://www.synapse.org/#!Synapse:syn53497861.1,b28bef2e95f6a71b937324a80a698b39,c:\users\bhanu\.synapsecache\157\133033157\s6_sub-100017_rs_eeg.set,
syn53498095,s6_sub-100018_rs_eeg.fdt,1,application/octet-stream,94961152,3473196,1707749906064,3473196,1707749906064,syn53498092,https://www.synapse.org/#!Synapse:syn53498095.1,e72f2dfa851af569733b62330185f250,c:\users\bhanu\.synapsecache\832\133033832\s6_sub-100018_rs_eeg.fdt,
syn53498096,s6_sub-100018_rs_eeg.set,1,application/octet-stream,2260352,3473196,1707749908910,3473196,1707749908910,syn53498092,https://www.synapse.org/#!Synapse:syn53498096.1,2a22ff26976d0dbf591c65fd5fe143a9,c:\users\bhanu\.synapsecache\833\133033833\s6_sub-100018_rs_eeg.set,
syn53497857,s6_sub-100019_rs_eeg.set,1,application/octet-stream,3024192,3473196,1707744004656,3473196,1707744004656,syn53497856,https://www.synapse.org/#!Synapse:syn53497857.1,a1010b5b7591400a5d610a5b554f612b,c:\users\bhanu\.synapsecache\154\133033154\s6_sub-100019_rs_eeg.set,
syn53497883,s6_sub-10001_rs_eeg.fdt,1,application/octet-stream,148849152,3473196,1707744414719,3473196,1707744414719,syn53497882,https://www.synapse.org/#!Synapse:syn53497883.1,fb8469e7814968ca1f6c3112ddaabbdb,c:\users\bhanu\.synapsecache\169\133033169\s6_sub-10001_rs_eeg.fdt,
syn53497884,s6_sub-10001_rs_eeg.set,1,application/octet-stream,3102344,3473196,1707744417771,3473196,1707744417771,syn53497882,https://www.synapse.org/#!Synapse:syn53497884.1,582a2b40016c90c9d692037c031a943f,c:\users\bhanu\.synapsecache\170\133033170\s6_sub-10001_rs_eeg.set,
syn53498080,s6_sub-100020_rs_eeg.fdt,1,application/octet-stream,86138880,3473196,1707749842535,3473196,1707749842535,syn53498076,https://www.synapse.org/#!Synapse:syn53498080.1,b6f3d67af6ab6139aed0599f7f3cfdab,c:\users\bhanu\.synapsecache\820\133033820\s6_sub-100020_rs_eeg.fdt,
syn53498081,s6_sub-100020_rs_eeg.set,1,application/octet-stream,2118408,3473196,1707749845169,3473196,1707749845169,syn53498076,https://www.synapse.org/#!Synapse:syn53498081.1,5ec9a660070a8e96e72c1da8cfc0021a,c:\users\bhanu\.synapsecache\821\133033821\s6_sub-100020_rs_eeg.set,
syn53497853,s6_sub-100021_rs_eeg.fdt,1,application/octet-stream,149569024,3473196,1707743998266,3473196,1707743998266,syn53497852,https://www.synapse.org/#!Synapse:syn53497853.1,eed783df25b7618cbb125eb9573227ad,c:\users\bhanu\.synapsecache\150\133033150\s6_sub-100021_rs_eeg.fdt,
syn53497854,s6_sub-100021_rs_eeg.set,1,application/octet-stream,3111552,3473196,1707744001194,3473196,1707744001194,syn53497852,https://www.synapse.org/#!Synapse:syn53497854.1,cb97d850321dcd66d9122be42c671bc6,c:\users\bhanu\.synapsecache\151\133033151\s6_sub-100021_rs_eeg.set,
syn53498073,s6_sub-100022_rs_eeg.fdt,1,application/octet-stream,116810240,3473196,1707749814209,3473196,1707749814209,syn53498054,https://www.synapse.org/#!Synapse:syn53498073.1,9c0f5f1d987ace4294c9b9c27be72b85,c:\users\bhanu\.synapsecache\815\133033815\s6_sub-100022_rs_eeg.fdt,
syn53498074,s6_sub-100022_rs_eeg.set,1,application/octet-stream,2849256,3473196,1707749817002,3473196,1707749817002,syn53498054,https://www.synapse.org/#!Synapse:syn53498074.1,858c7ffd99adeae489c6bb93d0d80fc7,c:\users\bhanu\.synapsecache\816\133033816\s6_sub-100022_rs_eeg.set,
syn53497850,s6_sub-100023_rs_eeg.set,1,application/octet-stream,3226088,3473196,1707743951650,3473196,1707743951650,syn53497849,https://www.synapse.org/#!Synapse:syn53497850.1,7e5a7d9b1e706e2b0e04d575e64e5215,c:\users\bhanu\.synapsecache\145\133033145\s6_sub-100023_rs_eeg.set,
syn53498050,s6_sub-100024_rs_eeg.fdt,1,application/octet-stream,130038272,3473196,1707749740838,3473196,1707749740838,syn53498038,https://www.synapse.org/#!Synapse:syn53498050.1,8bd06278fb689f5f76c7236d2372fa3f,c:\users\bhanu\.synapsecache\793\133033793\s6_sub-100024_rs_eeg.fdt,
syn53498052,s6_sub-100024_rs_eeg.set,1,application/octet-stream,2806384,3473196,1707749749249,3473196,1707749749249,syn53498038,https://www.synapse.org/#!Synapse:syn53498052.1,dedef9f40058d6ef6342084376a45cf9,c:\users\bhanu\.synapsecache\795\133033795\s6_sub-100024_rs_eeg.set,
syn53497847,s6_sub-100025_rs_eeg.set,1,application/octet-stream,3221464,3473196,1707743948305,3473196,1707743948305,syn53497846,https://www.synapse.org/#!Synapse:syn53497847.1,a0935d4a02c972ef3417c107542ba190,c:\users\bhanu\.synapsecache\144\133033144\s6_sub-100025_rs_eeg.set,
syn53498035,s6_sub-100026_rs_eeg.fdt,1,application/octet-stream,107696640,3473196,1707749578845,3473196,1707749578845,syn53498034,https://www.synapse.org/#!Synapse:syn53498035.1,92d8bb9fdce9af29d1696d82d831e424,c:\users\bhanu\.synapsecache\779\133033779\s6_sub-100026_rs_eeg.fdt,
syn53498036,s6_sub-100026_rs_eeg.set,1,application/octet-stream,2691104,3473196,1707749582041,3473196,1707749582041,syn53498034,https://www.synapse.org/#!Synapse:syn53498036.1,ee5441cbb81f4f669ffee8a8c4f1303c,c:\users\bhanu\.synapsecache\780\133033780\s6_sub-100026_rs_eeg.set,
syn53497844,s6_sub-100027_rs_eeg.set,1,application/octet-stream,3061840,3473196,1707743945159,3473196,1707743945159,syn53497843,https://www.synapse.org/#!Synapse:syn53497844.1,14b0e89097b8faea7b616d4d5ed50728,c:\users\bhanu\.synapsecache\143\133033143\s6_sub-100027_rs_eeg.set,
syn53498031,s6_sub-100028_rs_eeg.fdt,1,application/octet-stream,75592704,3473196,1707749479933,3473196,1707749479933,syn53498022,https://www.synapse.org/#!Synapse:syn53498031.1,04acdfb52c770f1cd1c8d89e10134b2e,c:\users\bhanu\.synapsecache\774\133033774\s6_sub-100028_rs_eeg.fdt,
syn53498032,s6_sub-100028_rs_eeg.set,1,application/octet-stream,2122856,3473196,1707749485524,3473196,1707749485524,syn53498022,https://www.synapse.org/#!Synapse:syn53498032.1,04ae84b83521206270e81bfa030643fd,c:\users\bhanu\.synapsecache\775\133033775\s6_sub-100028_rs_eeg.set,
syn53497840,s6_sub-100029_rs_eeg.fdt,1,application/octet-stream,173879808,3473196,1707743938835,3473196,1707743938835,syn53497839,https://www.synapse.org/#!Synapse:syn53497840.1,ddfb796173042c9e6136c728f8eb5d30,c:\users\bhanu\.synapsecache\139\133033139\s6_sub-100029_rs_eeg.fdt,
syn53497841,s6_sub-100029_rs_eeg.set,1,application/octet-stream,3493456,3473196,1707743941711,3473196,1707743941711,syn53497839,https://www.synapse.org/#!Synapse:syn53497841.1,416277dfc062ee9e10ac2c3ef882ef57,c:\users\bhanu\.synapsecache\141\133033141\s6_sub-100029_rs_eeg.set,
syn53498088,s6_sub-10002_rs_eeg.fdt,1,application/octet-stream,95531520,3473196,1707749874745,3473196,1707749874745,syn53498083,https://www.synapse.org/#!Synapse:syn53498088.1,70a39ed0166edd43ae73d9e097980d8b,c:\users\bhanu\.synapsecache\826\133033826\s6_sub-10002_rs_eeg.fdt,
syn53498089,s6_sub-10002_rs_eeg.set,1,application/octet-stream,2265160,3473196,1707749877713,3473196,1707749877713,syn53498083,https://www.synapse.org/#!Synapse:syn53498089.1,c67e529b15990f8da2d9ea3e949700c4,c:\users\bhanu\.synapsecache\828\133033828\s6_sub-10002_rs_eeg.set,
syn53498013,s6_sub-100030_rs_eeg.fdt,1,application/octet-stream,95892480,3473196,1707749292721,3473196,1707749292721,syn53498010,https://www.synapse.org/#!Synapse:syn53498013.1,193fa700abe836d6cd56d006b047306d,c:\users\bhanu\.synapsecache\761\133033761\s6_sub-100030_rs_eeg.fdt,
syn53498014,s6_sub-100030_rs_eeg.set,1,application/octet-stream,2483608,3473196,1707749295643,3473196,1707749295643,syn53498010,https://www.synapse.org/#!Synapse:syn53498014.1,0d89f52d8aac1fc7ebaaaf2332da712e,c:\users\bhanu\.synapsecache\762\133033762\s6_sub-100030_rs_eeg.set,
syn53498007,s6_sub-100031_rs_eeg.fdt,1,application/octet-stream,93888512,3473196,1707749259872,3473196,1707749259872,syn53498006,https://www.synapse.org/#!Synapse:syn53498007.1,093be2abdb4929f3760f41069554f8a3,c:\users\bhanu\.synapsecache\757\133033757\s6_sub-100031_rs_eeg.fdt,
syn53498008,s6_sub-100031_rs_eeg.set,1,application/octet-stream,2243592,3473196,1707749262836,3473196,1707749262836,syn53498006,https://www.synapse.org/#!Synapse:syn53498008.1,815d9e1d786af41b230ff5d03867c4b2,c:\users\bhanu\.synapsecache\758\133033758\s6_sub-100031_rs_eeg.set,
syn53497837,s6_sub-100032_rs_eeg.set,1,application/octet-stream,3264568,3473196,1707743891878,3473196,1707743891878,syn53497836,https://www.synapse.org/#!Synapse:syn53497837.1,0d054dbc3f4c24a9da8fcfb084abbe90,c:\users\bhanu\.synapsecache\125\133033125\s6_sub-100032_rs_eeg.set,
syn53498003,s6_sub-100033_rs_eeg.fdt,1,application/octet-stream,94040064,3473196,1707749167130,3473196,1707749167130,syn53497971,https://www.synapse.org/#!Synapse:syn53498003.1,b56c84a01305267d692b7e398f7daf9d,c:\users\bhanu\.synapsecache\752\133033752\s6_sub-100033_rs_eeg.fdt,
syn53498004,s6_sub-100033_rs_eeg.set,1,application/octet-stream,2245960,3473196,1707749175341,3473196,1707749175341,syn53497971,https://www.synapse.org/#!Synapse:syn53498004.1,fc57e8a32c5c17677e20a1d38d223438,c:\users\bhanu\.synapsecache\753\133033753\s6_sub-100033_rs_eeg.set,
syn53497829,s6_sub-100034_rs_eeg.fdt,1,application/octet-stream,154716160,3473196,1707743885513,3473196,1707743885513,syn53497828,https://www.synapse.org/#!Synapse:syn53497829.1,df689c23e149aba2dba7ceb57478f743,c:\users\bhanu\.synapsecache\121\133033121\s6_sub-100034_rs_eeg.fdt,
syn53497834,s6_sub-100034_rs_eeg.set,1,application/octet-stream,3191976,3473196,1707743888565,3473196,1707743888565,syn53497828,https://www.synapse.org/#!Synapse:syn53497834.1,983aa4965cd4a102d8bd7a8c893f32e8,c:\users\bhanu\.synapsecache\123\133033123\s6_sub-100034_rs_eeg.set,
syn53497968,s6_sub-100035_rs_eeg.fdt,1,application/octet-stream,70277120,3473196,1707748989417,3473196,1707748989417,syn53497943,https://www.synapse.org/#!Synapse:syn53497968.1,4cb1a85a3343f90f28edfc36cadb85c4,c:\users\bhanu\.synapsecache\724\133033724\s6_sub-100035_rs_eeg.fdt,
syn53497969,s6_sub-100035_rs_eeg.set,1,application/octet-stream,1870568,3473196,1707748997188,3473196,1707748997188,syn53497943,https://www.synapse.org/#!Synapse:syn53497969.1,c0447a7499b258e052b277c0932cf57a,c:\users\bhanu\.synapsecache\725\133033725\s6_sub-100035_rs_eeg.set,
syn53497826,s6_sub-100036_rs_eeg.set,1,application/octet-stream,3042928,3473196,1707743841957,3473196,1707743841957,syn53497825,https://www.synapse.org/#!Synapse:syn53497826.1,275f62b859cf8486d1faf895653a1f25,c:\users\bhanu\.synapsecache\104\133033104\s6_sub-100036_rs_eeg.set,
syn53497822,s6_sub-100037_rs_eeg.fdt,1,application/octet-stream,142648320,3473196,1707743835837,3473196,1707743835837,syn53497821,https://www.synapse.org/#!Synapse:syn53497822.1,7ef0c443d6bc73f23389e390dc2b622c,c:\users\bhanu\.synapsecache\102\133033102\s6_sub-100037_rs_eeg.fdt,
syn53497823,s6_sub-100037_rs_eeg.set,1,application/octet-stream,3005464,3473196,1707743838821,3473196,1707743838821,syn53497821,https://www.synapse.org/#!Synapse:syn53497823.1,d9509a78699f9bc7ba378c4aeac2c800,c:\users\bhanu\.synapsecache\103\133033103\s6_sub-100037_rs_eeg.set,
syn53497940,s6_sub-100038_rs_eeg.fdt,1,application/octet-stream,90696704,3473196,1707748784389,3473196,1707748784389,syn53497936,https://www.synapse.org/#!Synapse:syn53497940.1,fe4f2fc52ee4492c668fd6bbdd725306,c:\users\bhanu\.synapsecache\707\133033707\s6_sub-100038_rs_eeg.fdt,
syn53497941,s6_sub-100038_rs_eeg.set,1,application/octet-stream,2191672,3473196,1707748788815,3473196,1707748788815,syn53497936,https://www.synapse.org/#!Synapse:syn53497941.1,24661b7b3fc7621e8a0d7132e4596565,c:\users\bhanu\.synapsecache\708\133033708\s6_sub-100038_rs_eeg.set,
syn53497819,s6_sub-100039_rs_eeg.set,1,application/octet-stream,3420256,3473196,1707743794589,3473196,1707743794589,syn53497818,https://www.synapse.org/#!Synapse:syn53497819.1,6488e86c46832ef3d7f63f93ae4e6dd2,c:\users\bhanu\.synapsecache\101\133033101\s6_sub-100039_rs_eeg.set,
syn53498019,s6_sub-10003_rs_eeg.fdt,1,application/octet-stream,152214528,3473196,1707749359332,3473196,1707749359332,syn53498016,https://www.synapse.org/#!Synapse:syn53498019.1,ff5364a4c644ee698784ece1d99e34cc,c:\users\bhanu\.synapsecache\765\133033765\s6_sub-10003_rs_eeg.fdt,
syn53498020,s6_sub-10003_rs_eeg.set,1,application/octet-stream,3154928,3473196,1707749366745,3473196,1707749366745,syn53498016,https://www.synapse.org/#!Synapse:syn53498020.1,e69072ae35dbbfdac3d1c9a768091643,c:\users\bhanu\.synapsecache\766\133033766\s6_sub-10003_rs_eeg.set,
syn53497816,s6_sub-100040_rs_eeg.set,1,application/octet-stream,2463480,3473196,1707743790346,3473196,1707743790346,syn53497815,https://www.synapse.org/#!Synapse:syn53497816.1,d0f504fe88db74d1fd1d4fc72443b5fb,c:\users\bhanu\.synapsecache\100\133033100\s6_sub-100040_rs_eeg.set,
syn53497813,s6_sub-100041_rs_eeg.set,1,application/octet-stream,3044544,3473196,1707743786634,3473196,1707743786634,syn53497812,https://www.synapse.org/#!Synapse:syn53497813.1,f1f748248fe3043544a7e10b58fde595,c:\users\bhanu\.synapsecache\99\133033099\s6_sub-100041_rs_eeg.set,
syn53497810,s6_sub-100042_rs_eeg.set,1,application/octet-stream,3355008,3473196,1707743782530,3473196,1707743782530,syn53497809,https://www.synapse.org/#!Synapse:syn53497810.1,32397b7230000680bd5bb4b490e9b73c,c:\users\bhanu\.synapsecache\98\133033098\s6_sub-100042_rs_eeg.set,
syn53497806,s6_sub-100043_rs_eeg.fdt,1,application/octet-stream,155084288,3473196,1707743774698,3473196,1707743774698,syn53497805,https://www.synapse.org/#!Synapse:syn53497806.1,f960aae70254615294c69660369e7217,c:\users\bhanu\.synapsecache\96\133033096\s6_sub-100043_rs_eeg.fdt,
syn53497807,s6_sub-100043_rs_eeg.set,1,application/octet-stream,3199776,3473196,1707743778464,3473196,1707743778464,syn53497805,https://www.synapse.org/#!Synapse:syn53497807.1,3b3e475600d4983fcf2ff4904c718468,c:\users\bhanu\.synapsecache\97\133033097\s6_sub-100043_rs_eeg.set,
syn53497803,s6_sub-100044_rs_eeg.set,1,application/octet-stream,2876560,3473196,1707743697745,3473196,1707743697745,syn53497802,https://www.synapse.org/#!Synapse:syn53497803.1,533fc23ff56929e52949d94d55f264a8,c:\users\bhanu\.synapsecache\89\133033089\s6_sub-100044_rs_eeg.set,
syn53497800,s6_sub-100045_rs_eeg.set,1,application/octet-stream,3250912,3473196,1707743694364,3473196,1707743694364,syn53497799,https://www.synapse.org/#!Synapse:syn53497800.1,9a98c5d5a43f13e2b01ac4336ab6ecff,c:\users\bhanu\.synapsecache\88\133033088\s6_sub-100045_rs_eeg.set,
syn53497797,s6_sub-100046_rs_eeg.set,1,application/octet-stream,3252320,3473196,1707743690847,3473196,1707743690847,syn53497796,https://www.synapse.org/#!Synapse:syn53497797.1,f0393da4982ddc1825182431be0b70ab,c:\users\bhanu\.synapsecache\87\133033087\s6_sub-100046_rs_eeg.set,
syn53497933,s6_sub-10004_rs_eeg.fdt,1,application/octet-stream,106714624,3473196,1707748752108,3473196,1707748752108,syn53497931,https://www.synapse.org/#!Synapse:syn53497933.1,fbdf4dc6418dd0b114ee339c1934f0ea,c:\users\bhanu\.synapsecache\702\133033702\s6_sub-10004_rs_eeg.fdt,
syn53497934,s6_sub-10004_rs_eeg.set,1,application/octet-stream,2443992,3473196,1707748754923,3473196,1707748754923,syn53497931,https://www.synapse.org/#!Synapse:syn53497934.1,2839d255773b4595163b3f1ae3c6c2e8,c:\users\bhanu\.synapsecache\703\133033703\s6_sub-10004_rs_eeg.set,
syn53497793,s6_sub-10005_rs_eeg.fdt,1,application/octet-stream,152399360,3473196,1707743684277,3473196,1707743684277,syn53497792,https://www.synapse.org/#!Synapse:syn53497793.1,c3bc080aca2d50199d03f111ae04f0ef,c:\users\bhanu\.synapsecache\85\133033085\s6_sub-10005_rs_eeg.fdt,
syn53497794,s6_sub-10005_rs_eeg.set,1,application/octet-stream,3157816,3473196,1707743687315,3473196,1707743687315,syn53497792,https://www.synapse.org/#!Synapse:syn53497794.1,1fd3b6c209e518d6297f6471e57bf970,c:\users\bhanu\.synapsecache\86\133033086\s6_sub-10005_rs_eeg.set,
syn53497928,s6_sub-10006_rs_eeg.fdt,1,application/octet-stream,114631680,3473196,1707748718445,3473196,1707748718445,syn53497926,https://www.synapse.org/#!Synapse:syn53497928.1,dc0ef8112d07a6002ee3f8e44a695c9b,c:\users\bhanu\.synapsecache\699\133033699\s6_sub-10006_rs_eeg.fdt,
syn53497929,s6_sub-10006_rs_eeg.set,1,application/octet-stream,2567696,3473196,1707748721280,3473196,1707748721280,syn53497926,https://www.synapse.org/#!Synapse:syn53497929.1,3765727630f888f3e8a53721d56c5783,c:\users\bhanu\.synapsecache\700\133033700\s6_sub-10006_rs_eeg.set,
syn53497923,s6_sub-10007_rs_eeg.fdt,1,application/octet-stream,93703680,3473196,1707748681631,3473196,1707748681631,syn53497920,https://www.synapse.org/#!Synapse:syn53497923.1,98d8ef9265b84c149e58ad09f315d5e2,c:\users\bhanu\.synapsecache\697\133033697\s6_sub-10007_rs_eeg.fdt,
syn53497924,s6_sub-10007_rs_eeg.set,1,application/octet-stream,2238648,3473196,1707748684455,3473196,1707748684455,syn53497920,https://www.synapse.org/#!Synapse:syn53497924.1,3ebb6cd18121bb534585163a11e7e302,c:\users\bhanu\.synapsecache\698\133033698\s6_sub-10007_rs_eeg.set,
syn53497789,s6_sub-10008_rs_eeg.fdt,1,application/octet-stream,156839424,3473196,1707743634419,3473196,1707743634419,syn53497788,https://www.synapse.org/#!Synapse:syn53497789.1,e7f43e1c097e7e196684fa213bbfcae1,c:\users\bhanu\.synapsecache\83\133033083\s6_sub-10008_rs_eeg.fdt,
syn53497790,s6_sub-10008_rs_eeg.set,1,application/octet-stream,3227192,3473196,1707743637346,3473196,1707743637346,syn53497788,https://www.synapse.org/#!Synapse:syn53497790.1,d68748bdc6dbbd3e49c633eadba872c1,c:\users\bhanu\.synapsecache\84\133033084\s6_sub-10008_rs_eeg.set,
syn53497917,s6_sub-10009_rs_eeg.fdt,1,application/octet-stream,98850816,3473196,1707748651700,3473196,1707748651700,syn53497916,https://www.synapse.org/#!Synapse:syn53497917.1,6ae2d20b055f6d8ac17266d5c48ac8f3,c:\users\bhanu\.synapsecache\693\133033693\s6_sub-10009_rs_eeg.fdt,
syn53497918,s6_sub-10009_rs_eeg.set,1,application/octet-stream,2321120,3473196,1707748654452,3473196,1707748654452,syn53497916,https://www.synapse.org/#!Synapse:syn53497918.1,b11058907c4bfde689509154533e2a88,c:\users\bhanu\.synapsecache\694\133033694\s6_sub-10009_rs_eeg.set,
syn53224756,s6_sub-20001_rs-HEP_eeg.set,1,application/octet-stream,158323032,3473196,1704619593197,3473196,1704619593197,syn53223541,https://www.synapse.org/#!Synapse:syn53224756.1,974a231e5c61826fcbca1dcca57fbf7a,c:\users\bhanu\.synapsecache\182\132106182\s6_sub-20001_rs-hep_eeg.set,
syn53545737,s6_sub-20002_rs-HEP_eeg.set,1,application/octet-stream,160627672,3473196,1707916672485,3473196,1707916672485,syn53545487,https://www.synapse.org/#!Synapse:syn53545737.1,c0cdc5276face0567abf1e75f94b4911,c:\users\bhanu\.synapsecache\266\133143266\s6_sub-20002_rs-hep_eeg.set,
syn53223537,s6_sub-20003_rs-HEP_eeg.set,1,application/octet-stream,123684792,3473196,1704619427757,3473196,1704619427757,syn53223040,https://www.synapse.org/#!Synapse:syn53223537.1,a6bf3958a0f7cadb5384915523af36ed,c:\users\bhanu\.synapsecache\965\132104965\s6_sub-20003_rs-hep_eeg.set,
syn53545482,s6_sub-20004_rs-HEP_eeg.set,1,application/octet-stream,128443992,3473196,1707916620402,3473196,1707916620402,syn53545273,https://www.synapse.org/#!Synapse:syn53545482.1,05e633ee3a7fb1f20740e8e76dc2f30a,c:\users\bhanu\.synapsecache\8\133143008\s6_sub-20004_rs-hep_eeg.set,
syn53545267,s6_sub-20005_rs-HEP_eeg.set,1,application/octet-stream,162738416,3473196,1707916577742,3473196,1707916577742,syn53545246,https://www.synapse.org/#!Synapse:syn53545267.1,7b56d1eac3d5e672b35fc10c631d600a,c:\users\bhanu\.synapsecache\795\133142795\s6_sub-20005_rs-hep_eeg.set,
syn53223038,s6_sub-20006_rs-HEP_eeg.set,1,application/octet-stream,53001864,3473196,1704619297628,3473196,1704619297628,syn53223037,https://www.synapse.org/#!Synapse:syn53223038.1,8466217b0aedaf9dc42b7a46e0bacb4c,c:\users\bhanu\.synapsecache\467\132104467\s6_sub-20006_rs-hep_eeg.set,
syn53545244,s6_sub-20007_rs-HEP_eeg.set,1,application/octet-stream,118060504,3473196,1707916528282,3473196,1707916528282,syn53545243,https://www.synapse.org/#!Synapse:syn53545244.1,cc24d1ffbb5f14d87147868493c31e03,c:\users\bhanu\.synapsecache\774\133142774\s6_sub-20007_rs-hep_eeg.set,
syn53545241,s6_sub-20008_rs-HEP_eeg.set,1,application/octet-stream,99705512,3473196,1707916489080,3473196,1707916489080,syn53545239,https://www.synapse.org/#!Synapse:syn53545241.1,e03d3843ab03876135f061d271991512,c:\users\bhanu\.synapsecache\773\133142773\s6_sub-20008_rs-hep_eeg.set,
syn53223035,s6_sub-20009_rs-HEP_eeg.set,1,application/octet-stream,64753784,3473196,1704619237574,3473196,1704619237574,syn53223033,https://www.synapse.org/#!Synapse:syn53223035.1,3af946294d5bba024003733753f22f2e,c:\users\bhanu\.synapsecache\466\132104466\s6_sub-20009_rs-hep_eeg.set,
syn53223031,s6_sub-20010_rs-HEP_eeg.set,1,application/octet-stream,72237552,3473196,1704619169655,3473196,1704619169655,syn53223030,https://www.synapse.org/#!Synapse:syn53223031.1,52a1c289b69c33058c25125e29a323c5,c:\users\bhanu\.synapsecache\465\132104465\s6_sub-20010_rs-hep_eeg.set,
syn53545235,s6_sub-20011_rs-HEP_eeg.set,1,application/octet-stream,112197536,3473196,1707916455468,3473196,1707916455468,syn53545232,https://www.synapse.org/#!Synapse:syn53545235.1,0b6be6e72e2bd67734bb66fb1a2e73bf,c:\users\bhanu\.synapsecache\769\133142769\s6_sub-20011_rs-hep_eeg.set,
syn53223028,s6_sub-20012_rs-HEP_eeg.set,1,application/octet-stream,84170512,3473196,1704619093372,3473196,1704619093372,syn53223027,https://www.synapse.org/#!Synapse:syn53223028.1,b61a6fed57f55fdcd70562a1276d42a6,c:\users\bhanu\.synapsecache\464\132104464\s6_sub-20012_rs-hep_eeg.set,
syn53223025,s6_sub-20013_rs-HEP_eeg.set,1,application/octet-stream,19553752,3473196,1704619004411,3473196,1704619004411,syn53223024,https://www.synapse.org/#!Synapse:syn53223025.1,6530c1cbf1c408dca1122aff4a67b010,c:\users\bhanu\.synapsecache\456\132104456\s6_sub-20013_rs-hep_eeg.set,
syn53223022,s6_sub-20014_rs-HEP_eeg.set,1,application/octet-stream,60535976,3473196,1704618983106,3473196,1704618983106,syn53223021,https://www.synapse.org/#!Synapse:syn53223022.1,44de5b9736c84cfc35a6faeb831a67a3,c:\users\bhanu\.synapsecache\453\132104453\s6_sub-20014_rs-hep_eeg.set,
syn53223019,s6_sub-20015_rs-HEP_eeg.set,1,application/octet-stream,125992552,3473196,1704618918825,3473196,1704618918825,syn53223018,https://www.synapse.org/#!Synapse:syn53223019.1,84f0517a04f0c40e968929a89d75eda6,c:\users\bhanu\.synapsecache\436\132104436\s6_sub-20015_rs-hep_eeg.set,
syn53223016,s6_sub-20016_rs-HEP_eeg.set,1,application/octet-stream,114268752,3473196,1704618783121,3473196,1704618783121,syn53223015,https://www.synapse.org/#!Synapse:syn53223016.1,5d69e0677ba73e7733058b66003b21f2,c:\users\bhanu\.synapsecache\435\132104435\s6_sub-20016_rs-hep_eeg.set,
syn53223013,s6_sub-20017_rs-HEP_eeg.set,1,application/octet-stream,75977472,3473196,1704618638716,3473196,1704618638716,syn53222701,https://www.synapse.org/#!Synapse:syn53223013.1,0385cd4c35ecc5267c7d44781bbb40ff,c:\users\bhanu\.synapsecache\432\132104432\s6_sub-20017_rs-hep_eeg.set,
syn53222699,s6_sub-20018_rs-HEP_eeg.set,1,application/octet-stream,121254312,3473196,1704585518442,3473196,1704585518442,syn53222698,https://www.synapse.org/#!Synapse:syn53222699.1,a019571ce681dcba13e033f9362e7f9a,c:\users\bhanu\.synapsecache\414\132103414\s6_sub-20018_rs-hep_eeg.set,
syn53222696,s6_sub-20019_rs-HEP_eeg.set,1,application/octet-stream,110555208,3473196,1704585381120,3473196,1704585381120,syn53222691,https://www.synapse.org/#!Synapse:syn53222696.1,04c45534420715b7a47d40700744dd1f,c:\users\bhanu\.synapsecache\413\132103413\s6_sub-20019_rs-hep_eeg.set,
syn53222596,s6_sub-30001_rs-HEP_eeg.set,1,application/octet-stream,83936048,3473196,1704582875852,3473196,1704582875852,syn53222595,https://www.synapse.org/#!Synapse:syn53222596.1,8b7ff7090a70e17c78f617333d160ea5,c:\users\bhanu\.synapsecache\327\132103327\s6_sub-30001_rs-hep_eeg.set,
syn53222593,s6_sub-30002_rs-HEP_eeg.set,1,application/octet-stream,86832904,3473196,1704582786584,3473196,1704582786584,syn53222592,https://www.synapse.org/#!Synapse:syn53222593.1,109b6210739e3de7314ed8131cdfdda7,c:\users\bhanu\.synapsecache\325\132103325\s6_sub-30002_rs-hep_eeg.set,
syn53237741,s6_sub-30003_rs-HEP_eeg.set,1,application/octet-stream,117461544,3473196,1704663202245,3473196,1704663202245,syn53237732,https://www.synapse.org/#!Synapse:syn53237741.1,c48b7006c7654bb1a35a48c6661a0ac8,c:\users\bhanu\.synapsecache\490\132132490\s6_sub-30003_rs-hep_eeg.set,
syn53222590,s6_sub-30004_rs-HEP_eeg.set,1,application/octet-stream,76631088,3473196,1704582690247,3473196,1704582690247,syn53222589,https://www.synapse.org/#!Synapse:syn53222590.1,123f35e0617cf4dd97950f8dd7bd7be0,c:\users\bhanu\.synapsecache\320\132103320\s6_sub-30004_rs-hep_eeg.set,
syn53237730,s6_sub-30005_rs-HEP_eeg.set,1,application/octet-stream,155574856,3473196,1704663071572,3473196,1704663071572,syn53237725,https://www.synapse.org/#!Synapse:syn53237730.1,1b4e8f3fb93cdcfaf90da69dcd90290a,c:\users\bhanu\.synapsecache\481\132132481\s6_sub-30005_rs-hep_eeg.set,
syn53237723,s6_sub-30006_rs-HEP_eeg.set,1,application/octet-stream,165894744,3473196,1704662880787,3473196,1704662880787,syn53237722,https://www.synapse.org/#!Synapse:syn53237723.1,2fdd7735ee3fd48aa3729cea0aa34ee7,c:\users\bhanu\.synapsecache\476\132132476\s6_sub-30006_rs-hep_eeg.set,
syn53237720,s6_sub-30007_rs-HEP_eeg.set,1,application/octet-stream,135314688,3473196,1704662706227,3473196,1704662706227,syn53237719,https://www.synapse.org/#!Synapse:syn53237720.1,8ce481d00f1ae2dce5f6d9845f7fae77,c:\users\bhanu\.synapsecache\473\132132473\s6_sub-30007_rs-hep_eeg.set,
syn53222587,s6_sub-30008_rs-HEP_eeg.set,1,application/octet-stream,84439344,3473196,1704582602368,3473196,1704582602368,syn53222585,https://www.synapse.org/#!Synapse:syn53222587.1,64dafcb9788f1927f47d7b3f1fd1d5eb,c:\users\bhanu\.synapsecache\316\132103316\s6_sub-30008_rs-hep_eeg.set,
syn53222583,s6_sub-30009_rs-HEP_eeg.set,1,application/octet-stream,108410336,3473196,1704582505894,3473196,1704582505894,syn53222582,https://www.synapse.org/#!Synapse:syn53222583.1,fecaa636449963efc11f5c2fd9d95144,c:\users\bhanu\.synapsecache\312\132103312\s6_sub-30009_rs-hep_eeg.set,
syn53237717,s6_sub-30010_rs-HEP_eeg.set,1,application/octet-stream,126635784,3473196,1704662566312,3473196,1704662566312,syn53237716,https://www.synapse.org/#!Synapse:syn53237717.1,5d036a36118739b9561eef0c789fc9b9,c:\users\bhanu\.synapsecache\472\132132472\s6_sub-30010_rs-hep_eeg.set,
syn53222580,s6_sub-30011_rs-HEP_eeg.set,1,application/octet-stream,38446248,3473196,1704582378347,3473196,1704582378347,syn53222578,https://www.synapse.org/#!Synapse:syn53222580.1,aa1d72de5465b2caa2208379a6ab80c0,c:\users\bhanu\.synapsecache\311\132103311\s6_sub-30011_rs-hep_eeg.set,
syn53222576,s6_sub-30012_rs-HEP_eeg.set,1,application/octet-stream,61393496,3473196,1704582333443,3473196,1704582333443,syn53222575,https://www.synapse.org/#!Synapse:syn53222576.1,f05a575021630f26fe7c1a9fa4167c99,c:\users\bhanu\.synapsecache\309\132103309\s6_sub-30012_rs-hep_eeg.set,
syn53222573,s6_sub-30013_rs-HEP_eeg.set,1,application/octet-stream,99435624,3473196,1704582260642,3473196,1704582260642,syn53222572,https://www.synapse.org/#!Synapse:syn53222573.1,3b5d02f3788079af7fafa5172ed50f51,c:\users\bhanu\.synapsecache\308\132103308\s6_sub-30013_rs-hep_eeg.set,
syn53237714,s6_sub-30014_rs-HEP_eeg.set,1,application/octet-stream,145896128,3473196,1704662410306,3473196,1704662410306,syn53237712,https://www.synapse.org/#!Synapse:syn53237714.1,1e328f7885c9e6436e4c025d922d5914,c:\users\bhanu\.synapsecache\471\132132471\s6_sub-30014_rs-hep_eeg.set,
syn53222570,s6_sub-30015_rs-HEP_eeg.set,1,application/octet-stream,43760848,3473196,1704582153978,3473196,1704582153978,syn53222569,https://www.synapse.org/#!Synapse:syn53222570.1,f1164f191e56aa1aaa02e489f34e3494,c:\users\bhanu\.synapsecache\307\132103307\s6_sub-30015_rs-hep_eeg.set,
syn53237710,s6_sub-30016_rs-HEP_eeg.set,1,application/octet-stream,129221760,3473196,1704662227119,3473196,1704662227119,syn53237709,https://www.synapse.org/#!Synapse:syn53237710.1,e01188dcae6657e3047acc949277bee6,c:\users\bhanu\.synapsecache\465\132132465\s6_sub-30016_rs-hep_eeg.set,
syn53222567,s6_sub-30017_rs-HEP_eeg.set,1,application/octet-stream,67274144,3473196,1704582100839,3473196,1704582100839,syn53222564,https://www.synapse.org/#!Synapse:syn53222567.1,22cab7dfdf564743a7da7d4dfb4e22bd,c:\users\bhanu\.synapsecache\306\132103306\s6_sub-30017_rs-hep_eeg.set,
syn53222562,s6_sub-30018_rs-HEP_eeg.set,1,application/octet-stream,113581768,3473196,1704582018438,3473196,1704582018438,syn53222561,https://www.synapse.org/#!Synapse:syn53222562.1,3d47f9ef86f7f02c784d79e8be6b8c47,c:\users\bhanu\.synapsecache\301\132103301\s6_sub-30018_rs-hep_eeg.set,
syn53545138,s6_sub-30019_rs-HEP_eeg.set,1,application/octet-stream,141282624,3473196,1707913417083,3473196,1707913417083,syn53545137,https://www.synapse.org/#!Synapse:syn53545138.1,2e6e9a30fe6da2f4a2c62a54b9752a1b,c:\users\bhanu\.synapsecache\666\133142666\s6_sub-30019_rs-hep_eeg.set,
syn53222559,s6_sub-30020_rs-HEP_eeg.set,1,application/octet-stream,92716216,3473196,1704581897072,3473196,1704581897072,syn53222558,https://www.synapse.org/#!Synapse:syn53222559.1,3a2722897370bb05a33ee8f57617f773,c:\users\bhanu\.synapsecache\300\132103300\s6_sub-30020_rs-hep_eeg.set,
syn53237707,s6_sub-30021_rs-HEP_eeg.set,1,application/octet-stream,97082672,3473196,1704662081948,3473196,1704662081948,syn53237705,https://www.synapse.org/#!Synapse:syn53237707.1,dac41ec467d058190d7247c88af866eb,c:\users\bhanu\.synapsecache\437\132132437\s6_sub-30021_rs-hep_eeg.set,
syn53222556,s6_sub-30022_rs-HEP_eeg.set,1,application/octet-stream,111624944,3473196,1704581791664,3473196,1704581791664,syn53222555,https://www.synapse.org/#!Synapse:syn53222556.1,41e36244c955845f0a317cb05e141824,c:\users\bhanu\.synapsecache\299\132103299\s6_sub-30022_rs-hep_eeg.set,
syn53237703,s6_sub-30023_rs-HEP_eeg.set,1,application/octet-stream,44880896,3473196,1704661978577,3473196,1704661978577,syn53237702,https://www.synapse.org/#!Synapse:syn53237703.1,d917bf16d6ebaeb82737b9808657086f,c:\users\bhanu\.synapsecache\435\132132435\s6_sub-30023_rs-hep_eeg.set,
syn53237700,s6_sub-30024_rs-HEP_eeg.set,1,application/octet-stream,151983704,3473196,1704661917295,3473196,1704661917295,syn53237699,https://www.synapse.org/#!Synapse:syn53237700.1,88a94a02af44a4655e2b1de04117b031,c:\users\bhanu\.synapsecache\434\132132434\s6_sub-30024_rs-hep_eeg.set,
syn53545146,s6_sub-30025_rs-HEP_eeg.set,1,application/octet-stream,162466936,3473196,1707913479211,3473196,1707913479211,syn53545140,https://www.synapse.org/#!Synapse:syn53545146.1,2a612138af6f7b35433a5aea1aba469c,c:\users\bhanu\.synapsecache\673\133142673\s6_sub-30025_rs-hep_eeg.set,
syn53222553,s6_sub-30026_rs-HEP_eeg.set,1,application/octet-stream,106291336,3473196,1704581670414,3473196,1704581670414,syn53222552,https://www.synapse.org/#!Synapse:syn53222553.1,dcffa5066b81958ad04d396960542911,c:\users\bhanu\.synapsecache\298\132103298\s6_sub-30026_rs-hep_eeg.set,
syn53237697,s6_sub-30027_rs-HEP_eeg.set,1,application/octet-stream,181193208,3473196,1704661740538,3473196,1704661740538,syn53237696,https://www.synapse.org/#!Synapse:syn53237697.1,0737ad410a64718d1792b4c32b839f50,c:\users\bhanu\.synapsecache\433\132132433\s6_sub-30027_rs-hep_eeg.set,
syn53545151,s6_sub-30028_rs-HEP_eeg.set,1,application/octet-stream,154932656,3473196,1707913537634,3473196,1707913537634,syn53545149,https://www.synapse.org/#!Synapse:syn53545151.1,67f0ab03fc927c8c137d56dfd8bdf04d,c:\users\bhanu\.synapsecache\675\133142675\s6_sub-30028_rs-hep_eeg.set,
syn53222550,s6_sub-30029_rs-HEP_eeg.set,1,application/octet-stream,121817464,3473196,1704581552860,3473196,1704581552860,syn53222549,https://www.synapse.org/#!Synapse:syn53222550.1,89cce0ab0dc83ce866212a18e6a22704,c:\users\bhanu\.synapsecache\297\132103297\s6_sub-30029_rs-hep_eeg.set,
syn53545157,s6_sub-30030_rs-HEP_eeg.set,1,application/octet-stream,133453600,3473196,1707913693762,3473196,1707913693762,syn53545156,https://www.synapse.org/#!Synapse:syn53545157.1,861c7d9855b8c623e621706e0051a4a1,c:\users\bhanu\.synapsecache\679\133142679\s6_sub-30030_rs-hep_eeg.set,
syn53222547,s6_sub-30031_rs-HEP_eeg.set,1,application/octet-stream,110829824,3473196,1704581425470,3473196,1704581425470,syn53222546,https://www.synapse.org/#!Synapse:syn53222547.1,5acaef0a2c62a20836a24518b496fea9,c:\users\bhanu\.synapsecache\296\132103296\s6_sub-30031_rs-hep_eeg.set,
syn53237694,s6_sub-30032_rs-HEP_eeg.set,1,application/octet-stream,149923464,3473196,1704661525112,3473196,1704661525112,syn53237690,https://www.synapse.org/#!Synapse:syn53237694.1,ec23c51ffb587d3c3f9235643298876a,c:\users\bhanu\.synapsecache\432\132132432\s6_sub-30032_rs-hep_eeg.set,
syn53237688,s6_sub-30033_rs-HEP_eeg.set,1,application/octet-stream,133581424,3473196,1704661353610,3473196,1704661353610,syn53237687,https://www.synapse.org/#!Synapse:syn53237688.1,32b7c204eef95cc632bfa545cd4df4e3,c:\users\bhanu\.synapsecache\427\132132427\s6_sub-30033_rs-hep_eeg.set,
syn53237685,s6_sub-30034_rs-HEP_eeg.set,1,application/octet-stream,155229576,3473196,1704661213503,3473196,1704661213503,syn53237684,https://www.synapse.org/#!Synapse:syn53237685.1,dfe68ffe30d430faa6d91cf5c10de292,c:\users\bhanu\.synapsecache\424\132132424\s6_sub-30034_rs-hep_eeg.set,
syn53237682,s6_sub-30035_rs-HEP_eeg.set,1,application/octet-stream,111130424,3473196,1704661042187,3473196,1704661042187,syn53237681,https://www.synapse.org/#!Synapse:syn53237682.1,b1b0b5d7093228e119b46dbb1d5ba99f,c:\users\bhanu\.synapsecache\423\132132423\s6_sub-30035_rs-hep_eeg.set,
syn53634312,sub-40005_rs_eeg.fdt,1,application/octet-stream,134742016,3490675,1708183798296,3490675,1708183798296,syn53634309,https://www.synapse.org/#!Synapse:syn53634312.1,3ec9357200bc8d8c794f658c0754e5e7,c:\users\bhanu\.synapsecache\240\133243240\sub-40005_rs_eeg.fdt,
syn53634313,sub-40005_rs_eeg.set,1,application/octet-stream,2875736,3490675,1708183809407,3490675,1708183809407,syn53634309,https://www.synapse.org/#!Synapse:syn53634313.1,006280920d8acb5b51e039b670dcecba,c:\users\bhanu\.synapsecache\241\133243241\sub-40005_rs_eeg.set,
syn53634340,sub-40007_rs_eeg.fdt,1,application/octet-stream,212336640,3490675,1708186838195,3490675,1708186838195,syn53622369,https://www.synapse.org/#!Synapse:syn53634340.1,bc9c0597ef0f9bb6273cb75a14729c80,c:\users\bhanu\.synapsecache\335\133243335\sub-40007_rs_eeg.fdt,
syn53622377,sub-40007_rs_eeg.set,2,application/octet-stream,4192912,3473196,1708030646311,3490675,1708188364705,syn53622369,https://www.synapse.org/#!Synapse:syn53622377.2,d8caba09ac4162b2afce9a1a590c47f6,c:\users\bhanu\.synapsecache\373\133243373\sub-40007_rs_eeg.set,
syn53634386,sub-40008_rs_eeg.fdt,1,application/octet-stream,120848384,3490675,1708189008921,3490675,1708189008921,syn53622365,https://www.synapse.org/#!Synapse:syn53634386.1,7630f78c0e4b9ab59b702773202fc034,c:\users\bhanu\.synapsecache\377\133243377\sub-40008_rs_eeg.fdt,
syn53622367,sub-40008_rs_eeg.set,2,application/octet-stream,2663864,3473196,1708030442706,3490675,1708189840300,syn53622365,https://www.synapse.org/#!Synapse:syn53622367.2,7644d9b86a5675757edbfb0f974bbd3e,c:\users\bhanu\.synapsecache\397\133243397\sub-40008_rs_eeg.set,
syn53634403,sub-40010_rs_eeg.fdt,1,application/octet-stream,179830784,3490675,1708190867352,3490675,1708190867352,syn53622350,https://www.synapse.org/#!Synapse:syn53634403.1,da8b0a59ee2c1992af9bbd072983597d,c:\users\bhanu\.synapsecache\442\133243442\sub-40010_rs_eeg.fdt,
syn53622358,sub-40010_rs_eeg.set,2,application/octet-stream,3684944,3473196,1708030265414,3490675,1708190899464,syn53622350,https://www.synapse.org/#!Synapse:syn53622358.2,489b7f905f3a9ce926477450fd95df74,c:\users\bhanu\.synapsecache\443\133243443\sub-40010_rs_eeg.set,
syn53634417,sub-40012_rs_eeg.fdt,1,application/octet-stream,235929600,3490675,1708192177912,3490675,1708193049795,syn53622039,https://www.synapse.org/#!Synapse:syn53634417.1,2c5749081f980a1117c668c9ffecac5b,c:\users\bhanu\.synapsecache\455\133243455\sub-40012_rs_eeg.fdt,
syn53622342,sub-40012_rs_eeg.set,2,application/octet-stream,4617000,3473196,1708030047907,3490675,1708193054459,syn53622039,https://www.synapse.org/#!Synapse:syn53622342.2,976dcecb4cd0181366a0bcf89a3603ba,c:\users\bhanu\.synapsecache\458\133243458\sub-40012_rs_eeg.set,
syn53634426,sub-40016_rs_eeg.fdt,1,application/octet-stream,191889408,3490675,1708193932976,3490675,1708193932976,syn53621753,https://www.synapse.org/#!Synapse:syn53634426.1,5ce024346b5de33a9882cfc7aa854bc9,c:\users\bhanu\.synapsecache\518\133243518\sub-40016_rs_eeg.fdt,
syn53621968,sub-40016_rs_eeg.set,2,application/octet-stream,3873120,3473196,1708029620678,3490675,1708194184579,syn53621753,https://www.synapse.org/#!Synapse:syn53621968.2,84a8062632eedd1e443e328d4c32065f,c:\users\bhanu\.synapsecache\527\133243527\sub-40016_rs_eeg.set,
syn53634432,sub-40017_rs_eeg.fdt,1,application/octet-stream,126877696,3490675,1708194688834,3490675,1708194688834,syn53621618,https://www.synapse.org/#!Synapse:syn53634432.1,578aa85db10930f2a1f532b9cbe80b2a,c:\users\bhanu\.synapsecache\537\133243537\sub-40017_rs_eeg.fdt,
syn53634433,sub-40017_rs_eeg.set,1,application/octet-stream,2758072,3490675,1708194700964,3490675,1708194700964,syn53621618,https://www.synapse.org/#!Synapse:syn53634433.1,6fa91be445ec327d5e565e24fc450c3f,c:\users\bhanu\.synapsecache\538\133243538\sub-40017_rs_eeg.set,
syn53634439,sub-40018_rs_eeg.fdt,1,application/octet-stream,218103808,3490675,1708195854573,3490675,1708195854573,syn53621372,https://www.synapse.org/#!Synapse:syn53634439.1,db4e5c90ad7e9e02af620d1e4fa558b1,c:\users\bhanu\.synapsecache\541\133243541\sub-40018_rs_eeg.fdt,
syn53621615,sub-40018_rs_eeg.set,2,application/octet-stream,4333320,3473196,1708029324074,3490675,1708195859234,syn53621372,https://www.synapse.org/#!Synapse:syn53621615.2,14e2d7b503745ffeb3748bd470ad8949,c:\users\bhanu\.synapsecache\542\133243542\sub-40018_rs_eeg.set,
syn53634447,sub-40019_rs_eeg.fdt,1,application/octet-stream,202113024,3490675,1708196589928,3490675,1708196589928,syn53621170,https://www.synapse.org/#!Synapse:syn53634447.1,67484a2d7b70cc16a006ad5c45ecd0c4,c:\users\bhanu\.synapsecache\563\133243563\sub-40019_rs_eeg.fdt,
syn53621370,sub-40019_rs_eeg.set,2,application/octet-stream,4448832,3473196,1708029114264,3490675,1708196631388,syn53621170,https://www.synapse.org/#!Synapse:syn53621370.2,80c8eca1b19f2e6cb7234d88967e8e07,c:\users\bhanu\.synapsecache\572\133243572\sub-40019_rs_eeg.set,
syn53634466,sub-40020_rs_eeg.fdt,1,application/octet-stream,126877696,3490675,1708197240354,3490675,1708199056966,syn53621034,https://www.synapse.org/#!Synapse:syn53634466.1,10270afc9c30ee713f5303c9256c54af,c:\users\bhanu\.synapsecache\593\133243593\sub-40020_rs_eeg.fdt,
syn53621166,sub-40020_rs_eeg.set,2,application/octet-stream,2757568,3473196,1708028937321,3490675,1708199070417,syn53621034,https://www.synapse.org/#!Synapse:syn53621166.2,6ba045caa59d13d76f990e07cd9b4a70,c:\users\bhanu\.synapsecache\595\133243595\sub-40020_rs_eeg.set,
syn53634483,sub-40021_rs_eeg.fdt,1,application/octet-stream,283639808,3490675,1708199281075,3490675,1708199281075,syn53620722,https://www.synapse.org/#!Synapse:syn53634483.1,08c060e254a9aad713ced0673fcd1aaf,c:\users\bhanu\.synapsecache\652\133243652\sub-40021_rs_eeg.fdt,
syn53621032,sub-40021_rs_eeg.set,2,application/octet-stream,5361536,3473196,1708028823610,3490675,1708199319815,syn53620722,https://www.synapse.org/#!Synapse:syn53621032.2,01859aae17fc90c4e49dd3e83ff2ed26,c:\users\bhanu\.synapsecache\659\133243659\sub-40021_rs_eeg.set,
syn53634496,sub-40022_rs_eeg.fdt,1,application/octet-stream,170655744,3490675,1708199977663,3490675,1708199977663,syn53620513,https://www.synapse.org/#!Synapse:syn53634496.1,716b6b01663f4124940e8c0a230a12d8,c:\users\bhanu\.synapsecache\668\133243668\sub-40022_rs_eeg.fdt,
syn53634497,sub-40022_rs_eeg.set,1,application/octet-stream,3541408,3490675,1708199993120,3490675,1708199993120,syn53620513,https://www.synapse.org/#!Synapse:syn53634497.1,a989ccac16e2d49454cce39887cd90fc,c:\users\bhanu\.synapsecache\669\133243669\sub-40022_rs_eeg.set,
syn53634502,sub-40023_rs_eeg.fdt,1,application/octet-stream,118489088,3490675,1708200582284,3490675,1708200582284,syn53620373,https://www.synapse.org/#!Synapse:syn53634502.1,573029feb696eb33322d3c23416519a1,c:\users\bhanu\.synapsecache\716\133243716\sub-40023_rs_eeg.fdt,
syn53634503,sub-40023_rs_eeg.set,1,application/octet-stream,2631096,3490675,1708200593918,3490675,1708200593918,syn53620373,https://www.synapse.org/#!Synapse:syn53634503.1,972bd61b9568017df05cddbf02d36c39,c:\users\bhanu\.synapsecache\717\133243717\sub-40023_rs_eeg.set,
syn53634528,sub-40024_rs_eeg.fdt,1,application/octet-stream,229900288,3490675,1708201993161,3490675,1708201993161,syn53619984,https://www.synapse.org/#!Synapse:syn53634528.1,ea1c75519f443c059ad9c01498e9e64e,c:\users\bhanu\.synapsecache\771\133243771\sub-40024_rs_eeg.fdt,
syn53634529,sub-40024_rs_eeg.set,1,application/octet-stream,4519200,3490675,1708202014142,3490675,1708202014142,syn53619984,https://www.synapse.org/#!Synapse:syn53634529.1,9c8827c8a64c8486ea454e1c35c86880,c:\users\bhanu\.synapsecache\772\133243772\sub-40024_rs_eeg.set,
syn53634533,sub-40025_rs_eeg.fdt,1,application/octet-stream,170393600,3490675,1708203564812,3490675,1708203564812,syn53619791,https://www.synapse.org/#!Synapse:syn53634533.1,208b4d190ae51e73d910af9083052e16,c:\users\bhanu\.synapsecache\778\133243778\sub-40025_rs_eeg.fdt,
syn53619980,sub-40025_rs_eeg.set,2,application/octet-stream,3537184,3473196,1708027903255,3490675,1708203614653,syn53619791,https://www.synapse.org/#!Synapse:syn53619980.2,879dd483046f43531e91f3491667482b,c:\users\bhanu\.synapsecache\781\133243781\sub-40025_rs_eeg.set,
syn53634545,sub-40026_rs_eeg.fdt,1,application/octet-stream,119537664,3490675,1708204428986,3490675,1708204428986,syn53619558,https://www.synapse.org/#!Synapse:syn53634545.1,4ca4439f2150d02ad905f9a7cb7195b3,c:\users\bhanu\.synapsecache\808\133243808\sub-40026_rs_eeg.fdt,
syn53619787,sub-40026_rs_eeg.set,2,application/octet-stream,2624216,3473196,1708027744705,3490675,1708204445298,syn53619558,https://www.synapse.org/#!Synapse:syn53619787.2,6f040a75d9eee4f9b10c437ed2eb4946,c:\users\bhanu\.synapsecache\809\133243809\sub-40026_rs_eeg.set,
syn53625129,suj_509_rs_eeg.fdt,1,application/octet-stream,111673344,3473196,1708053309664,3473196,1708053309664,syn53625126,https://www.synapse.org/#!Synapse:syn53625129.1,7499c23b095cda47f6c39092ca459e10,c:\users\bhanu\.synapsecache\52\133193052\suj_509_rs_eeg.fdt,
syn53625130,suj_509_rs_eeg.set,1,application/octet-stream,2517664,3473196,1708053311149,3473196,1708053311149,syn53625126,https://www.synapse.org/#!Synapse:syn53625130.1,c79c3c8b5a3c6547cd009d77b3ee99f1,c:\users\bhanu\.synapsecache\53\133193053\suj_509_rs_eeg.set,
syn53625117,suj_512_rs_eeg.fdt,1,application/octet-stream,120061952,3473196,1708053294641,3473196,1708053294641,syn53625060,https://www.synapse.org/#!Synapse:syn53625117.1,416746e18881517bac6c894a3194403d,c:\users\bhanu\.synapsecache\200\133196200\suj_512_rs_eeg.fdt,
syn53625118,suj_512_rs_eeg.set,1,application/octet-stream,2606520,3473196,1708053297941,3473196,1708053297941,syn53625060,https://www.synapse.org/#!Synapse:syn53625118.1,cfb5199ac7b6952c63b2fcc62c2bd607,c:\users\bhanu\.synapsecache\201\133196201\suj_512_rs_eeg.set,
syn53625048,suj_513_rs_eeg.fdt,1,application/octet-stream,113508352,3473196,1708053252139,3473196,1708053252139,syn53624971,https://www.synapse.org/#!Synapse:syn53625048.1,aaee580d90b5fe86c89f0d2e708a9e72,c:\users\bhanu\.synapsecache\134\133196134\suj_513_rs_eeg.fdt,
syn53625055,suj_513_rs_eeg.set,1,application/octet-stream,2548384,3473196,1708053255178,3473196,1708053255178,syn53624971,https://www.synapse.org/#!Synapse:syn53625055.1,ff07a1f5a10efbd679107623fb473e2c,c:\users\bhanu\.synapsecache\141\133196141\suj_513_rs_eeg.set,
syn53624963,suj_514_rs_eeg.fdt,1,application/octet-stream,112721920,3473196,1708053214601,3473196,1708053214601,syn53624955,https://www.synapse.org/#!Synapse:syn53624963.1,cf5bda24c7bf496973d40a2e2f2fcb98,c:\users\bhanu\.synapsecache\48\133193048\suj_514_rs_eeg.fdt,
syn53624967,suj_514_rs_eeg.set,1,application/octet-stream,2536096,3473196,1708053216123,3473196,1708053216123,syn53624955,https://www.synapse.org/#!Synapse:syn53624967.1,fcaa05bd60bafed53fc2de5fdf37da9e,c:\users\bhanu\.synapsecache\49\133193049\suj_514_rs_eeg.set,
syn53624942,suj_515_rs_eeg.fdt,1,application/octet-stream,117440512,3473196,1708053207204,3473196,1708053207204,syn53624832,https://www.synapse.org/#!Synapse:syn53624942.1,3cf1d994e0bda31b08e1a079efe4517d,c:\users\bhanu\.synapsecache\30\133196030\suj_515_rs_eeg.fdt,
syn53624951,suj_515_rs_eeg.set,1,application/octet-stream,2609824,3473196,1708053210515,3473196,1708053210515,syn53624832,https://www.synapse.org/#!Synapse:syn53624951.1,e00fcf7f0f05ab3fb8c6af8bd65de2e4,c:\users\bhanu\.synapsecache\38\133196038\suj_515_rs_eeg.set,
syn53624820,suj_516_rs_eeg.fdt,1,application/octet-stream,111149056,3473196,1708053153615,3473196,1708053153615,syn53624682,https://www.synapse.org/#!Synapse:syn53624820.1,7f5b61d72d3a5acecf3e1890dcc8fc79,c:\users\bhanu\.synapsecache\910\133195910\suj_516_rs_eeg.fdt,
syn53624828,suj_516_rs_eeg.set,1,application/octet-stream,2511520,3473196,1708053157451,3473196,1708053157451,syn53624682,https://www.synapse.org/#!Synapse:syn53624828.1,589c6bb479e0ae9f39456a5ef3dd4cda,c:\users\bhanu\.synapsecache\918\133195918\suj_516_rs_eeg.set,
syn53624670,suj_517_rs_eeg.fdt,1,application/octet-stream,112459776,3473196,1708053086138,3473196,1708053086138,syn53624579,https://www.synapse.org/#!Synapse:syn53624670.1,0ed90383b70b713a1ca0b324c4be3970,c:\users\bhanu\.synapsecache\760\133195760\suj_517_rs_eeg.fdt,
syn53624679,suj_517_rs_eeg.set,1,application/octet-stream,2532000,3473196,1708053089439,3473196,1708053089439,syn53624579,https://www.synapse.org/#!Synapse:syn53624679.1,7954f68c6bfacc774dc4e41ba954225e,c:\users\bhanu\.synapsecache\769\133195769\suj_517_rs_eeg.set,
syn53626725,suj_518_rs_eeg.fdt,1,application/octet-stream,110362624,3473196,1708090472155,3473196,1708090472155,syn53626724,https://www.synapse.org/#!Synapse:syn53626725.1,3546073e8cb23801195d5aa28cf19aa8,c:\users\bhanu\.synapsecache\945\133214945\suj_518_rs_eeg.fdt,
syn53626726,suj_518_rs_eeg.set,1,application/octet-stream,2486936,3473196,1708090474840,3473196,1708090474840,syn53626724,https://www.synapse.org/#!Synapse:syn53626726.1,f1d91fad5d09cfb01abf91d367beb474,c:\users\bhanu\.synapsecache\946\133214946\suj_518_rs_eeg.set,
syn53626760,suj_519_rs_eeg.fdt,1,application/octet-stream,110886912,3473196,1708092485712,3473196,1708092485712,syn53626759,https://www.synapse.org/#!Synapse:syn53626760.1,bd315df6abc12a6efa122e8031aa1dbc,c:\users\bhanu\.synapsecache\228\133215228\suj_519_rs_eeg.fdt,
syn53626761,suj_519_rs_eeg.set,1,application/octet-stream,2507424,3473196,1708092488359,3473196,1708092488359,syn53626759,https://www.synapse.org/#!Synapse:syn53626761.1,49efac5cb88755389d0f879873d10869,c:\users\bhanu\.synapsecache\233\133215233\suj_519_rs_eeg.set,
syn53624570,suj_520_rs_eeg.fdt,1,application/octet-stream,111411200,3473196,1708053046047,3473196,1708053046047,syn53624562,https://www.synapse.org/#!Synapse:syn53624570.1,c68ac932ce422fd2e8d62ac8d465918c,c:\users\bhanu\.synapsecache\46\133193046\suj_520_rs_eeg.fdt,
syn53624575,suj_520_rs_eeg.set,1,application/octet-stream,2517664,3473196,1708053047582,3473196,1708053047582,syn53624562,https://www.synapse.org/#!Synapse:syn53624575.1,af2e8cc015b21f0bc1984e09ce363a11,c:\users\bhanu\.synapsecache\47\133193047\suj_520_rs_eeg.set,
syn53624553,suj_521_rs_eeg.fdt,1,application/octet-stream,110011392,3473196,1708053040448,3473196,1708053040448,syn53624545,https://www.synapse.org/#!Synapse:syn53624553.1,c894b4c7266594a7af19ba688ebcf688,c:\users\bhanu\.synapsecache\44\133193044\suj_521_rs_eeg.fdt,
syn53624557,suj_521_rs_eeg.set,1,application/octet-stream,2720712,3473196,1708053041966,3473196,1708053041966,syn53624545,https://www.synapse.org/#!Synapse:syn53624557.1,09521544de78d3f6fd829a2d7f320d4d,c:\users\bhanu\.synapsecache\45\133193045\suj_521_rs_eeg.set,
syn53624536,suj_522_rs_eeg.fdt,1,application/octet-stream,111411200,3473196,1708053034978,3473196,1708053034978,syn53624528,https://www.synapse.org/#!Synapse:syn53624536.1,5fde9bfc26a9a7223f08d229a02d327f,c:\users\bhanu\.synapsecache\41\133193041\suj_522_rs_eeg.fdt,
syn53624541,suj_522_rs_eeg.set,1,application/octet-stream,2515616,3473196,1708053036497,3473196,1708053036497,syn53624528,https://www.synapse.org/#!Synapse:syn53624541.1,c309cf455a41853edfb7fa5a003ba731,c:\users\bhanu\.synapsecache\42\133193042\suj_522_rs_eeg.set,
syn53624519,suj_524_rs_eeg.fdt,1,application/octet-stream,111149056,3473196,1708053029465,3473196,1708053029465,syn53624511,https://www.synapse.org/#!Synapse:syn53624519.1,10c42705b0d632dff4504d9af47364a0,c:\users\bhanu\.synapsecache\30\133193030\suj_524_rs_eeg.fdt,
syn53624524,suj_524_rs_eeg.set,1,application/octet-stream,2509472,3473196,1708053031050,3473196,1708053031050,syn53624511,https://www.synapse.org/#!Synapse:syn53624524.1,6a3332d2d839b4fa8919a3ae7edc4d43,c:\users\bhanu\.synapsecache\31\133193031\suj_524_rs_eeg.set,
syn53624502,suj_525_rs_eeg.fdt,1,application/octet-stream,111673344,3473196,1708053023967,3473196,1708053023967,syn53624494,https://www.synapse.org/#!Synapse:syn53624502.1,29c4b6319382b25c513e82693a56c3f6,c:\users\bhanu\.synapsecache\18\133193018\suj_525_rs_eeg.fdt,
syn53624507,suj_525_rs_eeg.set,1,application/octet-stream,2519712,3473196,1708053025442,3473196,1708053025442,syn53624494,https://www.synapse.org/#!Synapse:syn53624507.1,d8f4c2c5d459b44e08e11ede80f579ba,c:\users\bhanu\.synapsecache\19\133193019\suj_525_rs_eeg.set,
syn53624483,suj_526_rs_eeg.fdt,1,application/octet-stream,111149056,3473196,1708053018479,3473196,1708053018479,syn53624472,https://www.synapse.org/#!Synapse:syn53624483.1,e5f110521f678214cb1aec8ff9a1e633,c:\users\bhanu\.synapsecache\15\133193015\suj_526_rs_eeg.fdt,
syn53624489,suj_526_rs_eeg.set,1,application/octet-stream,2515616,3473196,1708053019956,3473196,1708053019956,syn53624472,https://www.synapse.org/#!Synapse:syn53624489.1,c383479bf2c80edc0a31bba5fe925e4a,c:\users\bhanu\.synapsecache\17\133193017\suj_526_rs_eeg.set,
syn53624464,suj_527_rs_eeg.fdt,1,application/octet-stream,109314048,3473196,1708053012964,3473196,1708053012964,syn53624456,https://www.synapse.org/#!Synapse:syn53624464.1,9e50e4658320bd18a7add5f42f20e64e,c:\users\bhanu\.synapsecache\4\133193004\suj_527_rs_eeg.fdt,
syn53624468,suj_527_rs_eeg.set,1,application/octet-stream,2480800,3473196,1708053014503,3473196,1708053014503,syn53624456,https://www.synapse.org/#!Synapse:syn53624468.1,f12039edc99f8fefb3f894192a984674,c:\users\bhanu\.synapsecache\5\133193005\suj_527_rs_eeg.set,
syn53624445,suj_528_rs_eeg.fdt,1,application/octet-stream,111149056,3473196,1708053007460,3473196,1708053007460,syn53624436,https://www.synapse.org/#!Synapse:syn53624445.1,8e9048d46107351a49b4562e598670b8,c:\users\bhanu\.synapsecache\991\133192991\suj_528_rs_eeg.fdt,
syn53624452,suj_528_rs_eeg.set,1,application/octet-stream,2511520,3473196,1708053009014,3473196,1708053009014,syn53624436,https://www.synapse.org/#!Synapse:syn53624452.1,2f96a01d74aa0b284eaa5dc5d98f1162,c:\users\bhanu\.synapsecache\992\133192992\suj_528_rs_eeg.set,
syn53624428,suj_529_rs_eeg.fdt,1,application/octet-stream,121110528,3473196,1708053001924,3473196,1708053001924,syn53624420,https://www.synapse.org/#!Synapse:syn53624428.1,02709657c703bac421f88ee15d35cb7b,c:\users\bhanu\.synapsecache\981\133192981\suj_529_rs_eeg.fdt,
syn53624432,suj_529_rs_eeg.set,1,application/octet-stream,2653816,3473196,1708053003504,3473196,1708053003504,syn53624420,https://www.synapse.org/#!Synapse:syn53624432.1,6fab594ea4a8d7df4aef7a3d9f6eb676,c:\users\bhanu\.synapsecache\984\133192984\suj_529_rs_eeg.set,
syn53624411,suj_531_rs_eeg.fdt,1,application/octet-stream,111149056,3473196,1708052996259,3473196,1708052996259,syn53624403,https://www.synapse.org/#!Synapse:syn53624411.1,d58ee58c6aab5c577f492c4700496c53,c:\users\bhanu\.synapsecache\961\133192961\suj_531_rs_eeg.fdt,
syn53624416,suj_531_rs_eeg.set,1,application/octet-stream,2511520,3473196,1708052997714,3473196,1708052997714,syn53624403,https://www.synapse.org/#!Synapse:syn53624416.1,5c693f8a2b43ffecdacc110caad5d969,c:\users\bhanu\.synapsecache\964\133192964\suj_531_rs_eeg.set,
syn53624394,suj_532_rs_eeg.fdt,1,application/octet-stream,110792704,3473196,1708052990719,3473196,1708052990719,syn53624386,https://www.synapse.org/#!Synapse:syn53624394.1,a50fc60e116eab168c328aa5bbd917ca,c:\users\bhanu\.synapsecache\957\133192957\suj_532_rs_eeg.fdt,
syn53624399,suj_532_rs_eeg.set,1,application/octet-stream,2742736,3473196,1708052992292,3473196,1708052992292,syn53624386,https://www.synapse.org/#!Synapse:syn53624399.1,d047dc3d703a91f94e8e79b423795535,c:\users\bhanu\.synapsecache\958\133192958\suj_532_rs_eeg.set,
syn53624377,suj_533_rs_eeg.fdt,1,application/octet-stream,110362624,3473196,1708052985207,3473196,1708052985207,syn53624367,https://www.synapse.org/#!Synapse:syn53624377.1,6e24ffff5ccdb37aa7cfc35157be2c84,c:\users\bhanu\.synapsecache\954\133192954\suj_533_rs_eeg.fdt,
syn53624382,suj_533_rs_eeg.set,1,application/octet-stream,2499232,3473196,1708052986723,3473196,1708052986723,syn53624367,https://www.synapse.org/#!Synapse:syn53624382.1,b0e44cfbd849d1b302f2905ef85af2de,c:\users\bhanu\.synapsecache\956\133192956\suj_533_rs_eeg.set,
syn53624355,suj_534_rs_eeg.fdt,1,application/octet-stream,111935488,3473196,1708052977553,3473196,1708052977553,syn53624281,https://www.synapse.org/#!Synapse:syn53624355.1,5713e4c59886f43090d5d3360f6218bc,c:\users\bhanu\.synapsecache\497\133195497\suj_534_rs_eeg.fdt,
syn53624364,suj_534_rs_eeg.set,1,application/octet-stream,2519712,3473196,1708052981238,3473196,1708052981238,syn53624281,https://www.synapse.org/#!Synapse:syn53624364.1,d2295aad594b3d59d0b49b317244b024,c:\users\bhanu\.synapsecache\506\133195506\suj_534_rs_eeg.set,
syn53624278,suj_535_rs_eeg.fdt,1,application/octet-stream,114556928,3473196,1708052935323,3473196,1708052935323,syn53624275,https://www.synapse.org/#!Synapse:syn53624278.1,55c973d62f3bedd5cb020a2fe2758259,c:\users\bhanu\.synapsecache\422\133195422\suj_535_rs_eeg.fdt,
syn53624279,suj_535_rs_eeg.set,1,application/octet-stream,2556576,3473196,1708052938359,3473196,1708052938359,syn53624275,https://www.synapse.org/#!Synapse:syn53624279.1,5da6a5e0f63d3e5e03288b6bb2f9861e,c:\users\bhanu\.synapsecache\423\133195423\suj_535_rs_eeg.set,
